{"geometry":"skinpacks/skins.json","skins":[{"localization_name":"Red","geometry":"geometry.humanoid.custom","texture":"Red.png","type":"free"},{"localization_name":"Blue","geometry":"geometry.humanoid.custom","texture":"Blue.png","type":"free"},{"localization_name":"Green","geometry":"geometry.humanoid.custom","texture":"Green.png","type":"free"},{"localization_name":"Pink","geometry":"geometry.humanoid.custom","texture":"Pink.png","type":"free"},{"localization_name":"Yellow","geometry":"geometry.humanoid.customSlim","texture":"Yellow.png","type":"free"},{"localization_name":"Orange","geometry":"geometry.humanoid.custom","texture":"Orange.png","type":"free"},{"localization_name":"Black","geometry":"geometry.humanoid.custom","texture":"Black.png","type":"free"},{"localization_name":"White","geometry":"geometry.humanoid.custom","texture":"White.png","type":"free"},{"localization_name":"Purple","geometry":"geometry.humanoid.custom","texture":"Purple.png","type":"free"},{"localization_name":"Brown","geometry":"geometry.humanoid.custom","texture":"Brown.png","type":"free"},{"localization_name":"Cyan","geometry":"geometry.humanoid.custom","texture":"Cyan.png","type":"free"},{"localization_name":"Lime","geometry":"geometry.humanoid.custom","texture":"Lime.png","type":"free"},{"localization_name":"RedSus","geometry":"geometry.humanoid.custom","texture":"RedSus.png","type":"free"},{"localization_name":"BlueSus","geometry":"geometry.humanoid.custom","texture":"BlueSus.png","type":"free"},{"localization_name":"GreenSus","geometry":"geometry.humanoid.custom","texture":"GreenSus.png","type":"free"},{"localization_name":"PinkSus","geometry":"geometry.humanoid.custom","texture":"PinkSus.png","type":"free"},{"localization_name":"YellowSus","geometry":"geometry.humanoid.custom","texture":"YellowSus.png","type":"free"},{"localization_name":"OrangeSus","geometry":"geometry.humanoid.custom","texture":"OrangeSus.png","type":"free"},{"localization_name":"BlackSus","geometry":"geometry.humanoid.custom","texture":"BlackSus.png","type":"free"},{"localization_name":"WhiteSus","geometry":"geometry.humanoid.custom","texture":"WhiteSus.png","type":"free"},{"localization_name":"PurpleSus","geometry":"geometry.humanoid.custom","texture":"PurpleSus.png","type":"free"},{"localization_name":"BrownSus","geometry":"geometry.humanoid.custom","texture":"BrownSus.png","type":"free"},{"localization_name":"CyanSus","geometry":"geometry.humanoid.custom","texture":"CyanSus.png","type":"free"},{"localization_name":"LimeSus","geometry":"geometry.humanoid.custom","texture":"LimeSus.png","type":"free"},{"localization_name":"Red_IMPOSTOR","geometry":"geometry.humanoid.custom","texture":"Red_IMPOSTOR.png","type":"free"},{"localization_name":"Blue_IMPOSTOR","geometry":"geometry.humanoid.custom","texture":"Blue_IMPOSTOR.png","type":"free"},{"localization_name":"Green_IMPOSTOR","geometry":"geometry.humanoid.custom","texture":"Green_IMPOSTOR.png","type":"free"},{"localization_name":"Pink_IMPOSTOR","geometry":"geometry.humanoid.custom","texture":"Pink_IMPOSTOR.png","type":"free"},{"localization_name":"Yellow_IMPOSTOR","geometry":"geometry.humanoid.custom","texture":"Yellow_IMPOSTOR.png","type":"free"},{"localization_name":"Orange_IMPOSTOR","geometry":"geometry.humanoid.custom","texture":"Orange_IMPOSTOR.png","type":"free"},{"localization_name":"Black_IMPOSTOR","geometry":"geometry.humanoid.custom","texture":"Black_IMPOSTOR.png","type":"free"},{"localization_name":"White_IMPOSTOR","geometry":"geometry.humanoid.custom","texture":"White_IMPOSTOR.png","type":"free"},{"localization_name":"Purple_IMPOSTOR","geometry":"geometry.humanoid.custom","texture":"Purple_IMPOSTOR.png","type":"free"},{"localization_name":"Brown_IMPOSTOR","geometry":"geometry.humanoid.custom","texture":"Brown_IMPOSTOR.png","type":"free"},{"localization_name":"Cyan_IMPOSTOR","geometry":"geometry.humanoid.custom","texture":"Cyan_IMPOSTOR.png","type":"free"},{"localization_name":"Lime_IMPOSTOR","geometry":"geometry.humanoid.custom","texture":"Lime_IMPOSTOR.png","type":"free"}],"serialize_name":"RaumDima","localization_name":"RaumDima"}